{
    "isVal":"true",
    "entDate":"30/07/2019",
    "currency":"BDT",
    "appType":"PPD",
    "serClass":"Credit",
    "comId":"PBL",
    "comName":"I Banking",
    "batDesc":"PIB",
    "discData":"Initiate from PIB",
    "makerUsrName": "admin",
    "makerPass": "Admin123",
    "checkerUsrName": "checker",  
    "checkerPass": "Admin123",
    "outItems":
    [
        {
            "senderAcc":"2104215021973",
            "senderName":"MD.SHAMEEM-AL-MAMUN",
            "paymentInfo":"FT Inter Bank",
            "senderEmail":"shameem.mamun@primebank.com.bd",
            "rcvBranchCode":"085150467",
            "transCode":"22",
            "amount":"54.00",
            "rcvAccNum":"345",
            "rcvId":"345",
            "rcvName":"ADSFGSDF",
            "recEmail":"",
            "ftNo":"FT191920G067"
        }
    ]
}