{
	"isVal": "true",
	"entDate": "08/01/2018",
	"currency": "BDT",
	"appType": "PPD",
	"serClass": "Credit",
	"comId": "API101",
	"comName": "API Company",
	"batDesc": "API Description",
	"discData": "Test API",
    "makerUsrName": "admin",
    "makerPass": "Admin123",
    "checkerUsrName": "checker",  
    "checkerPass": "Admin123", 

	"outItems": [
		{
			"senderAcc": "11100001102",
			"senderName": "API Sender2",
			"paymentInfo": "API Payment2",
			"senderEmail": "mraisul054@gmail.com",
			"rcvBranchCode": "010150195",
			"transCode": "22",
			"amount": "20",
			"rcvAccNum": "20002000223",
			"rcvId": "APIRec-102",
			"rcvName": "API Receiver2",
			"recEmail": "mraisul054@gmail.com",
			"ftNo": "123456"
		}
	]
}